question_id,stem,solution,answer,skill_id,skill_name,difficulty,qtype,source,version,is_active,parse_category
b50343f41ae56f2bff9a633b56ffd948,一個長方形長8公尺、寬5公尺，求面積。,"好的，讓我們一步步解決這個問題。

我們需要找出一個長方形的面積，這個長方形的長度為 8 公尺，寬度為 5 公尺。

### 步驟 1：了解面積的公式
長方形的面積可以用以下公式計算：
\[ \text{面積} = \text{長} \times \text{寬} \]

### 步驟 2：將長和寬代入公式
在我們這個問題中：
- 長 = 8 公尺
- 寬 = 5 公尺

因此，我們可以將數字代入面積公式：
\[ \text{面積} = 8 \, \text{公尺} \times 5 \, \text{公尺} \]

### 步驟 3：計算面積
現在，我們進行計算：
\[ \text{面積} = 8 \times 5 = 40 \, \text{平方公尺} \]

### 步驟 4：得出結論
所以，這個長方形的面積是 **40 平方公尺**。

總結來說，這個問題的解答是：長方形的面積為 **40 平方公尺**。",,SK_AREA,Area,3,draft,answers.db,1,1,json_answer
ab61091e0c608a7c76c09902a718917b,"一個三方形高
8公尺、底5公尺，求面積。","好的！我們來解題。根據題目，我們需要計算一個三角形的面積，已知這個三角形的高為 8 公尺，底為 5 公尺。根據提供的資料，我們知道三角形的面積可以用以下公式計算：

### 三角形面積公式
\[
面積 = \frac{底 \times 高}{2}
\]

### 解題步驟

1. **確定底和高**：
   - 已知底 = 5 公尺
   - 已知高 = 8 公尺

2. **代入公式**：
   根據上面的公式，我們將底和高帶入計算：
   \[
   面積 = \frac{5 \, \text{公尺} \times 8 \, \text{公尺}}{2}
   \]

3. **計算底與高的乘積**：
   \[
   5 \times 8 = 40
   \]

4. **除以 2**：
   \[
   面積 = \frac{40}{2} = 20 \, \text{平方公尺}
   \]

### 最終結果
因此，這個三角形的面積是 **20 平方公尺**。

如果有其他任何問題或需要進一步的例題解說，請隨時告訴我！",,SK_AREA,Area,3,draft,answers.db,1,1,json_answer
e30526bae2a17baa8f222fe9bad82cf9,**題目**  小明的書箱有 2.8 公升水果醋，他準備將水果醋灌入瓶子，每瓶的容量是 0.4 公升。如果他裝滿了幾瓶呢？,"好的，讓我們一步一步來解答這個有關水果醋的問題：

### 題目
小明的書箱有 2.8 公升水果醋，他準備將水果醋灌入瓶子，每瓶的容量是 0.4 公升。如果他裝滿了幾瓶呢？

### 解答步驟

1. **確認問題的需求：**
   我們需要知道小明可以裝滿多少瓶，每瓶的容量是 0.4 公升，而他總共有 2.8 公升的水果醋。

2. **計算裝滿的瓶數：**
   要計算小明可以裝滿多少瓶，我們可以用總水果醋的容量除以每瓶的容量：

   \[
   \text{裝滿的瓶數} = \frac{\text{總容量}}{\text{每瓶容量}} = \frac{2.8 \text{ 公升}}{0.4 \text{ 公升}}
   \]

3. **進行除法計算：**
   先算出 2.8 除以 0.4，這可以轉換成相同的單位以便計算：

   \[
   2.8 \div 0.4 = 7
   \]

   这里可以更直观的理解为：

   - 先将 2.8 和 0.4 转换为整数，即 28 和 4。
   - 然后进行计算：28 除以 4 等于 7。

4. **得出最終答案：**
   所以小明可以裝滿 7 瓶水果醋。

### 總結
最終的答案是，小明可以裝滿 **7 瓶** 水果醋。",,SK_MISC,Misc,3,draft,answers.db,1,1,json_answer
auto_5_1,**題目**  小明的書箱有 2.8 公升水果醋，他準備將水果醋灌入瓶子，每瓶的容量是 0.4 公升。如果他裝滿了幾瓶呢？,"好的，讓我們一步一步來解答這個有關水果醋的問題：

### 題目
小明的書箱有 2.8 公升水果醋，他準備將水果醋灌入瓶子，每瓶的容量是 0.4 公升。如果他裝滿了幾瓶呢？

### 解答步驟

1. **確認問題的需求：**
   我們需要知道小明可以裝滿多少瓶，每瓶的容量是 0.4 公升，而他總共有 2.8 公升的水果醋。

2. **計算裝滿的瓶數：**
   要計算小明可以裝滿多少瓶，我們可以用總水果醋的容量除以每瓶的容量：

   \[
   \text{裝滿的瓶數} = \frac{\text{總容量}}{\text{每瓶容量}} = \frac{2.8 \text{ 公升}}{0.4 \text{ 公升}}
   \]

3. **進行除法計算：**
   先算出 2.8 除以 0.4，這可以轉換成相同的單位以便計算：

   \[
   2.8 \div 0.4 = 7
   \]

   这里可以更直观的理解为：

   - 先将 2.8 和 0.4 转换为整数，即 28 和 4。
   - 然后进行计算：28 除以 4 等于 7。

4. **得出最終答案：**
   所以小明可以裝滿 7 瓶水果醋。

### 總結
最終的答案是，小明可以裝滿 **7 瓶** 水果醋。",,SK_MISC,Misc,3,draft,answers.db,1,1,text
9ecc6477f7755e0554ee8648284d3eee,某車子從台北開往新竹，平均每小時60公里，在路上遇到下雨時，每小時只有40公里，若不考慮休息時間，台北至新竹的車程各需幾小時？,"為了解這個問題，我們先來分析題目：

已知：
- 車子從台北開往新竹的平均速度為60公里/小時。
- 在遇到下雨時，車子的速度減少為40公里/小時。

我們假設台北至新竹的總距離為D公里，這是我們需要計算的值。接著，我們需要計算在正常行駛和有下雨時的車程所需的時間。

### 步驟一：設置距離公式
首先，我們知道速度、時間和距離之間的關係為：
\[ 距離 = 速度 \times 時間 \]

### 步驟二：用60公里/小時和40公里/小時分別計算時間
- 假設在正常情況下（60公里/小時）行駛的時間為 \( t_1 \) 小時。
- 假設在遇到下雨情況下（40公里/小時）行駛的時間為 \( t_2 \) 小時。

那麼我們可以得到：
1. 正常情況下的距離： \( D = 60 \times t_1 \)
2. 下雨情況下的距離： \( D = 40 \times t_2 \)

### 步驟三：假設在兩種情況下的距離相等
由於都為同一條路徑，我們可設定它們相等：
\[ 60 \times t_1 = 40 \times t_2 \]

### 步驟四：選擇適當的數據進行計算
假設我們在正常情況下的行駛時間 \( t_1 \) 是2小時，這樣下雨情況下的時間 \( t_2 \) 可以利用上面的公式來計算：
\[ 60 \times 2 = 40 \times t_2 \]
\[ 120 = 40 \times t_2 \]
解這個式子：
\[ t_2 = \frac{120}{40} = 3 \text{ 小時} \]

### 結論
如果車子在正常情況下行駛2小時，那麼行駛的距離為：
\[ D = 60 \times 2 = 120 \text{ 公里} \]

在下雨的情況下，車子行駛這段距離需要3小時。

因此，從台北到新竹的車程如下：
- 正常行駛時間：2小時
- 遇到下雨時的行駛時間：3小時

如果需要再計算總距離D或其他細節，則可以根據具體情況進行更深入的探討。",,SK_RATE,Rate/Speed,4,draft,answers.db,1,1,json_answer
auto_5_2,某車子從台北開往新竹，平均每小時60公里，在路上遇到下雨時，每小時只有40公里，若不考慮休息時間，台北至新竹的車程各需幾小時？,"為了解這個問題，我們先來分析題目：

已知：
- 車子從台北開往新竹的平均速度為60公里/小時。
- 在遇到下雨時，車子的速度減少為40公里/小時。

我們假設台北至新竹的總距離為D公里，這是我們需要計算的值。接著，我們需要計算在正常行駛和有下雨時的車程所需的時間。

### 步驟一：設置距離公式
首先，我們知道速度、時間和距離之間的關係為：
\[ 距離 = 速度 \times 時間 \]

### 步驟二：用60公里/小時和40公里/小時分別計算時間
- 假設在正常情況下（60公里/小時）行駛的時間為 \( t_1 \) 小時。
- 假設在遇到下雨情況下（40公里/小時）行駛的時間為 \( t_2 \) 小時。

那麼我們可以得到：
1. 正常情況下的距離： \( D = 60 \times t_1 \)
2. 下雨情況下的距離： \( D = 40 \times t_2 \)

### 步驟三：假設在兩種情況下的距離相等
由於都為同一條路徑，我們可設定它們相等：
\[ 60 \times t_1 = 40 \times t_2 \]

### 步驟四：選擇適當的數據進行計算
假設我們在正常情況下的行駛時間 \( t_1 \) 是2小時，這樣下雨情況下的時間 \( t_2 \) 可以利用上面的公式來計算：
\[ 60 \times 2 = 40 \times t_2 \]
\[ 120 = 40 \times t_2 \]
解這個式子：
\[ t_2 = \frac{120}{40} = 3 \text{ 小時} \]

### 結論
如果車子在正常情況下行駛2小時，那麼行駛的距離為：
\[ D = 60 \times 2 = 120 \text{ 公里} \]

在下雨的情況下，車子行駛這段距離需要3小時。

因此，從台北到新竹的車程如下：
- 正常行駛時間：2小時
- 遇到下雨時的行駛時間：3小時

如果需要再計算總距離D或其他細節，則可以根據具體情況進行更深入的探討。",,SK_RATE,Rate/Speed,4,draft,answers.db,1,1,text
80c907a95167cd896260a277b183a9ae,阿明有 15 個同事去參加會議，他們每人帶一個書包，另外還有一個大書箱和兩個小書袋。請問在一起時，總共有幾袋書包?,"我們來逐步解決這個問題：

**題目**：阿明有 15 個同事去參加會議，他們每人帶一個書包，另外還有一個大書箱和兩個小書袋。請問在一起時，總共有幾袋書包?

**解題步驟**：

1. **計算同事帶的書包數量**：
   - 每位同事帶一個書包，阿明有 15 個同事。
   - 因此，總共的書包數量是：
     \[
     15 \text{ (同事)} \times 1 \text{ (書包/人)} = 15 \text{ (書包)}
     \]

2. **計算大書箱的書包數量**：
   - 題目中提到只有一個大書箱，並沒有提及這個大書箱會增加書包的數量，故我們不需要將它計入書包的數量。

3. **計算小書袋的數量**：
   - 每人帶兩個小書袋，阿明有 15 個同事，所以小書袋的數量為：
     \[
     15 \text{ (同事)} \times 2 \text{ (小書袋/人)} = 30 \text{ (小書袋)}
     \]

4. **總結一下所有的書包和書袋**：
   - 我們已經知道同事帶了 15 個書包，還有 30 個小書袋。
   - 因此，總的書包和書袋數量是：
     \[
     15 \text{ (書包)} + 30 \text{ (小書袋)} = 45 \text{ (包)}
     \]

5. **結論**：
   - 所以，阿明和他的同事們在一起時，總共有 45 袋書包。

**最終答案**：總共有 45 袋書包。",,SK_MISC,Misc,3,draft,answers.db,1,1,json_answer
auto_5_3,阿明有 15 個同事去參加會議，他們每人帶一個書包，另外還有一個大書箱和兩個小書袋。請問在一起時，總共有幾袋書包?,"我們來逐步解決這個問題：

**題目**：阿明有 15 個同事去參加會議，他們每人帶一個書包，另外還有一個大書箱和兩個小書袋。請問在一起時，總共有幾袋書包?

**解題步驟**：

1. **計算同事帶的書包數量**：
   - 每位同事帶一個書包，阿明有 15 個同事。
   - 因此，總共的書包數量是：
     \[
     15 \text{ (同事)} \times 1 \text{ (書包/人)} = 15 \text{ (書包)}
     \]

2. **計算大書箱的書包數量**：
   - 題目中提到只有一個大書箱，並沒有提及這個大書箱會增加書包的數量，故我們不需要將它計入書包的數量。

3. **計算小書袋的數量**：
   - 每人帶兩個小書袋，阿明有 15 個同事，所以小書袋的數量為：
     \[
     15 \text{ (同事)} \times 2 \text{ (小書袋/人)} = 30 \text{ (小書袋)}
     \]

4. **總結一下所有的書包和書袋**：
   - 我們已經知道同事帶了 15 個書包，還有 30 個小書袋。
   - 因此，總的書包和書袋數量是：
     \[
     15 \text{ (書包)} + 30 \text{ (小書袋)} = 45 \text{ (包)}
     \]

5. **結論**：
   - 所以，阿明和他的同事們在一起時，總共有 45 袋書包。

**最終答案**：總共有 45 袋書包。",,SK_MISC,Misc,3,draft,answers.db,1,1,text
2d0bdcfe4c80a6fe1b0131df9324a8b7,在 1.8 個蛋糕中，共有 6 個小餅乾，每個小餅乾的重量為 0.2 公克。當然，一個完整的蛋糕重 0.5 公斤。如果將這些小餅乾拿掉後，再整袋蛋糕的重量就是多少公斤？  注意：一公斤等於 1000 公克,"好的，讓我們一步步解決這個問題。

### 題目：在 1.8 個蛋糕中，共有 6 個小餅乾，每個小餅乾的重量為 0.2 公克。當然，一個完整的蛋糕重 0.5 公斤。如果將這些小餅乾拿掉後，再整袋蛋糕的重量就是多少公斤？

### 步驟 1：計算蛋糕的總重量
首先，我們知道每個蛋糕重 0.5 公斤，而我們有 1.8 個蛋糕。

1.8 個蛋糕的重量計算如下：
\[
1.8 \text{ 個蛋糕} \times 0.5 \text{ 公斤/個蛋糕} = 0.9 \text{ 公斤}
\]

### 步驟 2：計算小餅乾的總重量
接下來，我們知道有 6 個小餅乾，每個小餅乾的重量為 0.2 公克。首先，計算小餅乾的總重量：
\[
6 \text{ 個小餅乾} \times 0.2 \text{ 公克/個} = 1.2 \text{ 公克}
\]

### 步驟 3：將小餅乾的重量轉換成公斤
因為我們希望最終的結果使用公斤來表示，所以需要將小餅乾的重量由公克轉換為公斤。我們知道 1 公斤 = 1000 公克，因此：
\[
1.2 \text{ 公克} = \frac{1.2}{1000} \text{ 公斤} = 0.0012 \text{ 公斤}
\]

### 步驟 4：計算拿掉小餅乾後的蛋糕重量
現在，我們有了蛋糕的總重量和小餅乾的重量，接下來計算拿掉小餅乾後的總重量：
\[
0.9 \text{ 公斤} - 0.0012 \text{ 公斤} = 0.8988 \text{ 公斤}
\]

### 結論
所以，當把小餅乾拿掉後，整袋蛋糕的重量是 **0.8988 公斤**。

### 總結
1. 計算蛋糕的總重量：0.9 公斤
2. 計算小餅乾的總重量：1.2 公克 (0.0012 公斤)
3. 拿掉小餅乾後的重量：0.8988 公斤

這就是我們的完整解答!",,SK_MISC,Misc,3,draft,answers.db,1,1,json_answer
auto_5_4,在 1.8 個蛋糕中，共有 6 個小餅乾，每個小餅乾的重量為 0.2 公克。當然，一個完整的蛋糕重 0.5 公斤。如果將這些小餅乾拿掉後，再整袋蛋糕的重量就是多少公斤？  注意：一公斤等於 1000 公克,"好的，讓我們一步步解決這個問題。

### 題目：在 1.8 個蛋糕中，共有 6 個小餅乾，每個小餅乾的重量為 0.2 公克。當然，一個完整的蛋糕重 0.5 公斤。如果將這些小餅乾拿掉後，再整袋蛋糕的重量就是多少公斤？

### 步驟 1：計算蛋糕的總重量
首先，我們知道每個蛋糕重 0.5 公斤，而我們有 1.8 個蛋糕。

1.8 個蛋糕的重量計算如下：
\[
1.8 \text{ 個蛋糕} \times 0.5 \text{ 公斤/個蛋糕} = 0.9 \text{ 公斤}
\]

### 步驟 2：計算小餅乾的總重量
接下來，我們知道有 6 個小餅乾，每個小餅乾的重量為 0.2 公克。首先，計算小餅乾的總重量：
\[
6 \text{ 個小餅乾} \times 0.2 \text{ 公克/個} = 1.2 \text{ 公克}
\]

### 步驟 3：將小餅乾的重量轉換成公斤
因為我們希望最終的結果使用公斤來表示，所以需要將小餅乾的重量由公克轉換為公斤。我們知道 1 公斤 = 1000 公克，因此：
\[
1.2 \text{ 公克} = \frac{1.2}{1000} \text{ 公斤} = 0.0012 \text{ 公斤}
\]

### 步驟 4：計算拿掉小餅乾後的蛋糕重量
現在，我們有了蛋糕的總重量和小餅乾的重量，接下來計算拿掉小餅乾後的總重量：
\[
0.9 \text{ 公斤} - 0.0012 \text{ 公斤} = 0.8988 \text{ 公斤}
\]

### 結論
所以，當把小餅乾拿掉後，整袋蛋糕的重量是 **0.8988 公斤**。

### 總結
1. 計算蛋糕的總重量：0.9 公斤
2. 計算小餅乾的總重量：1.2 公克 (0.0012 公斤)
3. 拿掉小餅乾後的重量：0.8988 公斤

這就是我們的完整解答!",,SK_MISC,Misc,3,draft,answers.db,1,1,text
18ef0ea26c07e089d7c3b701c6ecf4a3,已知 3/4 + 1/6 = ?      (提示：共同的分母為12),"好的，我們來逐步解答題目：已知 \( \frac{3}{4} + \frac{1}{6} = ? \)。

### 第一步：找共同的分母
我們需要將兩個分數通分，以便能夠相加。給定的提示告訴我們，共同的分母為 12。

- \( \frac{3}{4} \) 與 \( \frac{1}{6} \) 的分母分別是 4 和 6。
- 最小公倍數 (LCM) 是 12。

### 第二步：通分
現在我們要把每個分數通分到分母為 12 的形式。

1. **通分 \( \frac{3}{4} \)**：
   - 將分母 4 變成 12，需乘以 3。
   - 同時，分子也乘以 3。
   - 所以，\( \frac{3}{4} = \frac{3 \times 3}{4 \times 3} = \frac{9}{12} \)。

2. **通分 \( \frac{1}{6} \)**：
   - 將分母 6 變成 12，需乘以 2。
   - 同時，分子也乘以 2。
   - 所以，\( \frac{1}{6} = \frac{1 \times 2}{6 \times 2} = \frac{2}{12} \)。

### 第三步：相加
現在我們可以將通分後的兩個分數相加：
\[
\frac{9}{12} + \frac{2}{12} = \frac{9 + 2}{12} = \frac{11}{12}
\]

### 最後的答案
因此， \( \frac{3}{4} + \frac{1}{6} = \frac{11}{12} \)。

這就是題目的完整解答步驟！",,SK_FRACTION,Fractions,3,draft,answers.db,1,1,json_answer
auto_5_5,已知 3/4 + 1/6 = ?      (提示：共同的分母為12),"好的，我們來逐步解答題目：已知 \( \frac{3}{4} + \frac{1}{6} = ? \)。

### 第一步：找共同的分母
我們需要將兩個分數通分，以便能夠相加。給定的提示告訴我們，共同的分母為 12。

- \( \frac{3}{4} \) 與 \( \frac{1}{6} \) 的分母分別是 4 和 6。
- 最小公倍數 (LCM) 是 12。

### 第二步：通分
現在我們要把每個分數通分到分母為 12 的形式。

1. **通分 \( \frac{3}{4} \)**：
   - 將分母 4 變成 12，需乘以 3。
   - 同時，分子也乘以 3。
   - 所以，\( \frac{3}{4} = \frac{3 \times 3}{4 \times 3} = \frac{9}{12} \)。

2. **通分 \( \frac{1}{6} \)**：
   - 將分母 6 變成 12，需乘以 2。
   - 同時，分子也乘以 2。
   - 所以，\( \frac{1}{6} = \frac{1 \times 2}{6 \times 2} = \frac{2}{12} \)。

### 第三步：相加
現在我們可以將通分後的兩個分數相加：
\[
\frac{9}{12} + \frac{2}{12} = \frac{9 + 2}{12} = \frac{11}{12}
\]

### 最後的答案
因此， \( \frac{3}{4} + \frac{1}{6} = \frac{11}{12} \)。

這就是題目的完整解答步驟！",,SK_FRACTION,Fractions,3,draft,answers.db,1,1,text
319c4ef9d4d5451c15e8e0a7db394dc7,有一個直角三角形，它的短腿長 4 厘米，底邊長 3 厘米。問下列哪一個是正確的幾何判斷？  A. 直角三角形 B. 值班三角形 C. 是等腰三角形 D. 只有一個內角大於 90 度,"### 解題步驟：

1. **理解題目**：
   題目是要判斷一個直角三角形的性質。給出的是短腿長 4 厘米和底邊長 3 厘米。

2. **確認三角形的類型**：
   我們知道三角形有幾種類型：
   - 直角三角形：一個內角是 90°。
   - 鈍角三角形：一個內角大於 90°。
   - 鋭角三角形：所有內角都小於 90°。
   - 等腰三角形：至少有兩邊相等。

3. **使用三角形的性質**：
   學生已經知道直角三角形的定義。所以確認給出的長度是否合理。

4. **檢查邊長是否符合直角三角形的定義**：
   在一個直角三角形中，短腿和底邊對應於兩個直角邊。我們需要確認這是一個直角三角形：
   - 假設短腿是 \( a = 4 \) 厘米，底邊是 \( b = 3 \) 厘米，假設斜邊是 \( c \)。
   - 通過畢氏定理來計算斜邊的長度：
     \[ c^2 = a^2 + b^2 \]
     \[ c^2 = 4^2 + 3^2 \]
     \[ c^2 = 16 + 9 \]
     \[ c^2 = 25 \]
     \[ c = \sqrt{25} = 5 \]

   因此，這個三角形的邊長是 3、4、5，符合直角三角形的比例。

5. **檢查選項**：
   - **A. 直角三角形**：根據以上計算，這確實是一個直角三角形。
   - **B. 值班三角形**：這是不正確的。三角形的內角和必須為 180°，分配多於 90° 的內角是不可能的。
   - **C. 是等腰三角形**：這不正確，因為三角形的三邊長不相等。
   - **D. 只有一個內角大於 90 度**：這也是不正確的，因為這是一個直角三角形，所以只有一個內角等於 90 度，其他兩個角都是小於 90 度的。

### 結論：
因此，正確的答案是 **A. 直角三角形**。",,SK_GEOM,Geometry,3,draft,answers.db,1,1,json_answer
auto_5_6,有一個直角三角形，它的短腿長 4 厘米，底邊長 3 厘米。問下列哪一個是正確的幾何判斷？  A. 直角三角形 B. 值班三角形 C. 是等腰三角形 D. 只有一個內角大於 90 度,"### 解題步驟：

1. **理解題目**：
   題目是要判斷一個直角三角形的性質。給出的是短腿長 4 厘米和底邊長 3 厘米。

2. **確認三角形的類型**：
   我們知道三角形有幾種類型：
   - 直角三角形：一個內角是 90°。
   - 鈍角三角形：一個內角大於 90°。
   - 鋭角三角形：所有內角都小於 90°。
   - 等腰三角形：至少有兩邊相等。

3. **使用三角形的性質**：
   學生已經知道直角三角形的定義。所以確認給出的長度是否合理。

4. **檢查邊長是否符合直角三角形的定義**：
   在一個直角三角形中，短腿和底邊對應於兩個直角邊。我們需要確認這是一個直角三角形：
   - 假設短腿是 \( a = 4 \) 厘米，底邊是 \( b = 3 \) 厘米，假設斜邊是 \( c \)。
   - 通過畢氏定理來計算斜邊的長度：
     \[ c^2 = a^2 + b^2 \]
     \[ c^2 = 4^2 + 3^2 \]
     \[ c^2 = 16 + 9 \]
     \[ c^2 = 25 \]
     \[ c = \sqrt{25} = 5 \]

   因此，這個三角形的邊長是 3、4、5，符合直角三角形的比例。

5. **檢查選項**：
   - **A. 直角三角形**：根據以上計算，這確實是一個直角三角形。
   - **B. 值班三角形**：這是不正確的。三角形的內角和必須為 180°，分配多於 90° 的內角是不可能的。
   - **C. 是等腰三角形**：這不正確，因為三角形的三邊長不相等。
   - **D. 只有一個內角大於 90 度**：這也是不正確的，因為這是一個直角三角形，所以只有一個內角等於 90 度，其他兩個角都是小於 90 度的。

### 結論：
因此，正確的答案是 **A. 直角三角形**。",,SK_GEOM,Geometry,3,draft,answers.db,1,1,text
fb6a845d392059ea71fe3c1ce5f64e44,台北的捷運每天行駛 480 次，每次停靠站都會花費 1 分鐘。如果一個乘客在捷運中停留了 30 分鐘，請問他該乘坐的捷運班次有多少?,"我們來解決這個問題：

**題目**：台北的捷運每天行駛 480 次，每次停靠站都會花費 1 分鐘。如果一個乘客在捷運中停留了 30 分鐘，請問他該乘坐的捷運班次有多少?

**步驟 1**：計算每班次的時間。

首先，知道捷運每天行駛 480 次，這意味著每天的行駛次數是 480 次。

**步驟 2**：計算乘客在捷運中停留的時間。

乘客在捷運中停留了 30 分鐘。

**步驟 3**：計算停靠的時間。

每次停靠站都會花費 1 分鐘。假設乘客的旅程是從一個班次開始，停留的班次直到他下車。

- 乘客的停留時間 = 體驗到的班次數 × 每班次停靠時間
- 假設乘客從某一班次開始乘坐到下車的班次，這中間的停靠次數可以用以下公式來推導。

**步驟 4**：考慮停靠次數及其對總時間的影響。

乘客的總停留時間可以這樣表達：

\[
\text{停留時間} = \text{實際行駛時間} + \text{停靠次數} \times 1 \text{分鐘}
\]

由於乘客的總停留時間是 30 分鐘，我們可以設停靠的班次數為 \( n \)。

- 乘客在隨著每班次的行程，可以這樣表示：
\[
30 = (n - 1) \text{分鐘} + n \text{分鐘}
\]
- 因為每班次都會到達下個停靠點再計一個等號，故實際會是 \( n + (n - 1) \)，另一個形狀的表達是 30 分鐘。

這表達式的意義是乘客在乘坐班次中的停車時間和運行時間需要縮放至相同維度中。

**步驟 5**：解出 n。

實際上，每班次分配 1 分鐘，乘客在下班次的下車時間可以表示為:
\[
30 = n + 1 - 1 = n
\]

所以 n = 30 / (1 + 1)
\[
= 15 \text{次}
\]

**結論**：

因此，乘客應該乘坐的捷運班次數為 15 班次。",,SK_MISC,Misc,3,draft,answers.db,1,1,json_answer
auto_5_7,台北的捷運每天行駛 480 次，每次停靠站都會花費 1 分鐘。如果一個乘客在捷運中停留了 30 分鐘，請問他該乘坐的捷運班次有多少?,"我們來解決這個問題：

**題目**：台北的捷運每天行駛 480 次，每次停靠站都會花費 1 分鐘。如果一個乘客在捷運中停留了 30 分鐘，請問他該乘坐的捷運班次有多少?

**步驟 1**：計算每班次的時間。

首先，知道捷運每天行駛 480 次，這意味著每天的行駛次數是 480 次。

**步驟 2**：計算乘客在捷運中停留的時間。

乘客在捷運中停留了 30 分鐘。

**步驟 3**：計算停靠的時間。

每次停靠站都會花費 1 分鐘。假設乘客的旅程是從一個班次開始，停留的班次直到他下車。

- 乘客的停留時間 = 體驗到的班次數 × 每班次停靠時間
- 假設乘客從某一班次開始乘坐到下車的班次，這中間的停靠次數可以用以下公式來推導。

**步驟 4**：考慮停靠次數及其對總時間的影響。

乘客的總停留時間可以這樣表達：

\[
\text{停留時間} = \text{實際行駛時間} + \text{停靠次數} \times 1 \text{分鐘}
\]

由於乘客的總停留時間是 30 分鐘，我們可以設停靠的班次數為 \( n \)。

- 乘客在隨著每班次的行程，可以這樣表示：
\[
30 = (n - 1) \text{分鐘} + n \text{分鐘}
\]
- 因為每班次都會到達下個停靠點再計一個等號，故實際會是 \( n + (n - 1) \)，另一個形狀的表達是 30 分鐘。

這表達式的意義是乘客在乘坐班次中的停車時間和運行時間需要縮放至相同維度中。

**步驟 5**：解出 n。

實際上，每班次分配 1 分鐘，乘客在下班次的下車時間可以表示為:
\[
30 = n + 1 - 1 = n
\]

所以 n = 30 / (1 + 1)
\[
= 15 \text{次}
\]

**結論**：

因此，乘客應該乘坐的捷運班次數為 15 班次。",,SK_MISC,Misc,3,draft,answers.db,1,1,text
fbe3214f615ebe8973d8dbf56a64847d,小明有一份工作，他每天晚上 3 小時看書，他還有三分之二的時間玩遊戲。若每天的時間為 24 個小時，則小明一天有多少個小時可以玩遊戲呢？,"### 題目解答

**題目：小明有一份工作，他每天晚上 3 小時看書，他還有三分之二的時間玩遊戲。若每天的時間為 24 個小時，則小明一天有多少個小時可以玩遊戲呢？**

#### 解題步驟：

1. **計算小明每天的總時間：**
   \[
   \text{每天的時間} = 24 \text{ 小時}
   \]

2. **計算小明已經用來看書的時間：**
   \[
   \text{看書的時間} = 3 \text{ 小時}
   \]

3. **計算小明剩下的時間：**
   \[
   \text{剩下的時間} = 24 \text{ 小時} - 3 \text{ 小時} = 21 \text{ 小時}
   \]

4. **小明玩遊戲的時間是剩餘時間的三分之二。計算三分之二的時間：**
   \[
   \text{玩遊戲的時間} = \frac{2}{3} \times 21 \text{ 小時} = \frac{2 \times 21}{3} = \frac{42}{3} = 14 \text{ 小時}
   \]

5. **因此，小明一天可以玩遊戲的時間為：**
   \[
   \text{小明一天可以玩遊戲的時間} = 14 \text{ 小時}
   \]

### 完整解答：
小明一天有 **14 小時** 可以玩遊戲。

---

### 相關資料的解答

**一本書 120 頁，小明每天看 15 頁，需要幾天？**
- 解答：
  \[
  120 \div 15 = 8 \text{ 天}
  \]

**正六邊形可劃分成幾個等邊三角形？**
- 解答：
  \[
  6 \text{ 個}
  \]

**一個正方形的邊長 10 cm，周長是多少？**
- 解答：
  \[
  10 \times 4 = 40 \text{ cm}
  \]

**一箱有 12 罐飲料，5 箱共有幾罐？**
- 解答：
  \[
  12 \times 5 = 60 \text{ 罐}
  \]

**每人分得 3 顆糖，15 顆糖可分給幾人？**
- 解答：
  \[
  15 \div 3 = 5 \text{ 人}
  \]

### 後續問題解答

你可以題目中所提及的其他問題進行相同的步驟計算，並給予清晰的解答與過程。如果需要任何其他問題的具體步驟解釋或者計算，請隨時告訴我！",,SK_MISC,Misc,3,draft,answers.db,1,1,json_answer
auto_5_8,小明有一份工作，他每天晚上 3 小時看書，他還有三分之二的時間玩遊戲。若每天的時間為 24 個小時，則小明一天有多少個小時可以玩遊戲呢？,"### 題目解答

**題目：小明有一份工作，他每天晚上 3 小時看書，他還有三分之二的時間玩遊戲。若每天的時間為 24 個小時，則小明一天有多少個小時可以玩遊戲呢？**

#### 解題步驟：

1. **計算小明每天的總時間：**
   \[
   \text{每天的時間} = 24 \text{ 小時}
   \]

2. **計算小明已經用來看書的時間：**
   \[
   \text{看書的時間} = 3 \text{ 小時}
   \]

3. **計算小明剩下的時間：**
   \[
   \text{剩下的時間} = 24 \text{ 小時} - 3 \text{ 小時} = 21 \text{ 小時}
   \]

4. **小明玩遊戲的時間是剩餘時間的三分之二。計算三分之二的時間：**
   \[
   \text{玩遊戲的時間} = \frac{2}{3} \times 21 \text{ 小時} = \frac{2 \times 21}{3} = \frac{42}{3} = 14 \text{ 小時}
   \]

5. **因此，小明一天可以玩遊戲的時間為：**
   \[
   \text{小明一天可以玩遊戲的時間} = 14 \text{ 小時}
   \]

### 完整解答：
小明一天有 **14 小時** 可以玩遊戲。

---

### 相關資料的解答

**一本書 120 頁，小明每天看 15 頁，需要幾天？**
- 解答：
  \[
  120 \div 15 = 8 \text{ 天}
  \]

**正六邊形可劃分成幾個等邊三角形？**
- 解答：
  \[
  6 \text{ 個}
  \]

**一個正方形的邊長 10 cm，周長是多少？**
- 解答：
  \[
  10 \times 4 = 40 \text{ cm}
  \]

**一箱有 12 罐飲料，5 箱共有幾罐？**
- 解答：
  \[
  12 \times 5 = 60 \text{ 罐}
  \]

**每人分得 3 顆糖，15 顆糖可分給幾人？**
- 解答：
  \[
  15 \div 3 = 5 \text{ 人}
  \]

### 後續問題解答

你可以題目中所提及的其他問題進行相同的步驟計算，並給予清晰的解答與過程。如果需要任何其他問題的具體步驟解釋或者計算，請隨時告訴我！",,SK_MISC,Misc,3,draft,answers.db,1,1,text
01e23d0e32bd5ac55812b89d5e5d43c1,**題目**  某個農場生產了一噸的草莓，其中有 0.8 噸被送往加工廠。還剩下多少草莓可供販售？  （注意：這是一題簡單的實際應用問題，旨在測試學生的小數除法能力）,"### 解題步驟：

題目：某個農場生產了一噸草莓，其中有0.8噸被送往加工廠。還剩下多少草莓可供販售？

#### 第一步：理解題目
題目中提到：
- 農場總共生產了一噸草莓 (1 噸)。
- 其中有 0.8 噸草莓被送往加工廠。

我們現在要計算的是農場剩下多少草莓可以供販售。

#### 第二步：設定數學算式
要計算剩下的草莓，我們需要用總量減去已經送往加工廠的數量：
- 總量 = 1 噸草莓
- 已送往加工廠的草莓 = 0.8 噸草莓

因此，剩下的草莓量可以表示為：
\[ \text{剩下的草莓} = \text{總量} - \text{已送往加工廠的草莓} \]

#### 第三步：計算
把已知的數值代入公式：
\[ \text{剩下的草莓} = 1 - 0.8 \]

進行計算：
\[ 1 - 0.8 = 0.2 \]

#### 第四步：結果
因此，剩下的草莓量為 0.2 噸。

### 答案
**剩下的草莓可供販售的量是 0.2 噸。**

這題透過小數的減法幫助學生熟悉數學計算，同時也讓他們理解在實際應用中如何處理數據。",,SK_MISC,Misc,3,draft,answers.db,1,1,json_answer
auto_5_9,**題目**  某個農場生產了一噸的草莓，其中有 0.8 噸被送往加工廠。還剩下多少草莓可供販售？  （注意：這是一題簡單的實際應用問題，旨在測試學生的小數除法能力）,"### 解題步驟：

題目：某個農場生產了一噸草莓，其中有0.8噸被送往加工廠。還剩下多少草莓可供販售？

#### 第一步：理解題目
題目中提到：
- 農場總共生產了一噸草莓 (1 噸)。
- 其中有 0.8 噸草莓被送往加工廠。

我們現在要計算的是農場剩下多少草莓可以供販售。

#### 第二步：設定數學算式
要計算剩下的草莓，我們需要用總量減去已經送往加工廠的數量：
- 總量 = 1 噸草莓
- 已送往加工廠的草莓 = 0.8 噸草莓

因此，剩下的草莓量可以表示為：
\[ \text{剩下的草莓} = \text{總量} - \text{已送往加工廠的草莓} \]

#### 第三步：計算
把已知的數值代入公式：
\[ \text{剩下的草莓} = 1 - 0.8 \]

進行計算：
\[ 1 - 0.8 = 0.2 \]

#### 第四步：結果
因此，剩下的草莓量為 0.2 噸。

### 答案
**剩下的草莓可供販售的量是 0.2 噸。**

這題透過小數的減法幫助學生熟悉數學計算，同時也讓他們理解在實際應用中如何處理數據。",,SK_MISC,Misc,3,draft,answers.db,1,1,text
d1317abbda647135be4d11c92be6b840,在一個商店中，售賣的書籍有85%是中文書籍，而剩下的15%是英文書籍。如果該商店今天一共賣出了200本書籍，請問中文書籍和英文書籍各賣了多少本？,"好的，讓我們逐步解答這個題目。

**題目**：在一個商店中，售賣的書籍有85%是中文書籍，而剩下的15%是英文書籍。如果該商店今天一共賣出了200本書籍，請問中文書籍和英文書籍各賣了多少本？

**解答步驟**：

1. **找出中文書籍的比例**：
   中文書籍佔總售出的書籍的85%。

2. **找出英文書籍的比例**：
   英文書籍佔總售出的書籍的15%。

3. **計算售出的中文書籍數量**：
   我們用總書籍數量200本乘以中文書籍的比例：
   \[
   \text{中文書籍數量} = 200 \times 0.85
   \]

   計算：
   \[
   200 \times 0.85 = 170
   \]
   所以，中文書籍賣出了170本。

4. **計算售出的英文書籍數量**：
   我們也用總書籍數量200本乘以英文書籍的比例：
   \[
   \text{英文書籍數量} = 200 \times 0.15
   \]

   計算：
   \[
   200 \times 0.15 = 30
   \]
   所以，英文書籍賣出了30本。

5. **總結**：
   今天這個商店中，中文書籍賣出了170本，英文書籍賣出了30本。

因此，答案是：
- 中文書籍：170本
- 英文書籍：30本",,SK_MISC,Misc,3,draft,answers.db,1,1,json_answer
auto_5_10,在一個商店中，售賣的書籍有85%是中文書籍，而剩下的15%是英文書籍。如果該商店今天一共賣出了200本書籍，請問中文書籍和英文書籍各賣了多少本？,"好的，讓我們逐步解答這個題目。

**題目**：在一個商店中，售賣的書籍有85%是中文書籍，而剩下的15%是英文書籍。如果該商店今天一共賣出了200本書籍，請問中文書籍和英文書籍各賣了多少本？

**解答步驟**：

1. **找出中文書籍的比例**：
   中文書籍佔總售出的書籍的85%。

2. **找出英文書籍的比例**：
   英文書籍佔總售出的書籍的15%。

3. **計算售出的中文書籍數量**：
   我們用總書籍數量200本乘以中文書籍的比例：
   \[
   \text{中文書籍數量} = 200 \times 0.85
   \]

   計算：
   \[
   200 \times 0.85 = 170
   \]
   所以，中文書籍賣出了170本。

4. **計算售出的英文書籍數量**：
   我們也用總書籍數量200本乘以英文書籍的比例：
   \[
   \text{英文書籍數量} = 200 \times 0.15
   \]

   計算：
   \[
   200 \times 0.15 = 30
   \]
   所以，英文書籍賣出了30本。

5. **總結**：
   今天這個商店中，中文書籍賣出了170本，英文書籍賣出了30本。

因此，答案是：
- 中文書籍：170本
- 英文書籍：30本",,SK_MISC,Misc,3,draft,answers.db,1,1,text
57de7f17aa90d21fa564bcbecdaee64f,小明有 18.9 公升的水瓶，他想分給 3 個同學，每個同學喝多少公升的水？,"好的，現在我們來解答題目：小明有 18.9 公升的水瓶，他想分給 3 個同學，每個同學喝多少公升的水？

### 解題步驟：

1. **確定總水量**：小明的水瓶總共有 18.9 公升的水。

2. **確定同學數量**：小明想分給 3 個同學。

3. **計算每個同學的水量**：
   我們需要把 18.9 公升的水平均分給 3 個同學，因此我們可以用除法來計算每個同學的水量：
   \[
   每個同學的水量 = \frac{總水量}{同學數量}
   \]

4. **帶入數字計算**：
   \[
   每個同學的水量 = \frac{18.9}{3}
   \]

5. **進行計算**：
   我們可以把 18.9 除以 3：
   \[
   18.9 ÷ 3 = 6.3
   \]

6. **得出結論**：
   每個同學可以喝 6.3 公升的水。

### 最終答案：
每個同學可以喝 **6.3 公升的水**。",,SK_MISC,Misc,3,draft,answers.db,1,1,json_answer
auto_5_11,小明有 18.9 公升的水瓶，他想分給 3 個同學，每個同學喝多少公升的水？,"好的，現在我們來解答題目：小明有 18.9 公升的水瓶，他想分給 3 個同學，每個同學喝多少公升的水？

### 解題步驟：

1. **確定總水量**：小明的水瓶總共有 18.9 公升的水。

2. **確定同學數量**：小明想分給 3 個同學。

3. **計算每個同學的水量**：
   我們需要把 18.9 公升的水平均分給 3 個同學，因此我們可以用除法來計算每個同學的水量：
   \[
   每個同學的水量 = \frac{總水量}{同學數量}
   \]

4. **帶入數字計算**：
   \[
   每個同學的水量 = \frac{18.9}{3}
   \]

5. **進行計算**：
   我們可以把 18.9 除以 3：
   \[
   18.9 ÷ 3 = 6.3
   \]

6. **得出結論**：
   每個同學可以喝 6.3 公升的水。

### 最終答案：
每個同學可以喝 **6.3 公升的水**。",,SK_MISC,Misc,3,draft,answers.db,1,1,text
e11fd46a9702b110519966b1a53ce6b8,"一個水果攤販的生意好到讓同事很嫉妒，他的一般月銷售金額為新台幣 50,000。然而，今年他在七月的總銷售額是過去所有月份總和的 25%。以下問題讓我們試圖計算七月的總銷售額：","根據您提供的題目，我們將逐步解答水果攤販的七月總銷售額問題。

### 題目：水果攤販的七月總銷售額

1. **已知數據**：
   - 一般月銷售金額：新台幣 50,000 元
   - 七月總銷售額占過去所有月份銷售總和的 25%

2. **計算過去的總銷售額**：
   - 假設過去的月份為 1 到 6 月，所以過去幾個月的總金額= 6 * 50,000 元。
   - 計算如下：
   \[
   \text{過去所有月份的總銷售額} = 6 \times 50,000 = 300,000 \text{元}
   \]

3. **計算七月的總銷售額**：
   - 七月的總銷售額是過去所有月份總和的 25%。
   - 計算如下：
   \[
   \text{七月總銷售額} = 300,000 \times 0.25 = 75,000 \text{元}
   \]

### 答案：
七月的總銷售額為 **75,000 元**。

### 說明：
透過上述的步驟計算，我們首先計算過去六個月的總銷售金額，再依據七月的銷售額占過去銷售總額的 25% 來得到最終答案。這樣不僅得到了問題的答案，也幫助學生理解如何利用百分比概念進行計算。",,SK_MISC,Misc,3,draft,answers.db,1,1,json_answer
auto_5_12,"一個水果攤販的生意好到讓同事很嫉妒，他的一般月銷售金額為新台幣 50,000。然而，今年他在七月的總銷售額是過去所有月份總和的 25%。以下問題讓我們試圖計算七月的總銷售額：","根據您提供的題目，我們將逐步解答水果攤販的七月總銷售額問題。

### 題目：水果攤販的七月總銷售額

1. **已知數據**：
   - 一般月銷售金額：新台幣 50,000 元
   - 七月總銷售額占過去所有月份銷售總和的 25%

2. **計算過去的總銷售額**：
   - 假設過去的月份為 1 到 6 月，所以過去幾個月的總金額= 6 * 50,000 元。
   - 計算如下：
   \[
   \text{過去所有月份的總銷售額} = 6 \times 50,000 = 300,000 \text{元}
   \]

3. **計算七月的總銷售額**：
   - 七月的總銷售額是過去所有月份總和的 25%。
   - 計算如下：
   \[
   \text{七月總銷售額} = 300,000 \times 0.25 = 75,000 \text{元}
   \]

### 答案：
七月的總銷售額為 **75,000 元**。

### 說明：
透過上述的步驟計算，我們首先計算過去六個月的總銷售金額，再依據七月的銷售額占過去銷售總額的 25% 來得到最終答案。這樣不僅得到了問題的答案，也幫助學生理解如何利用百分比概念進行計算。",,SK_MISC,Misc,3,draft,answers.db,1,1,text
67d0518f3355ce703cc57bbc7b3624c5,王明走路去圖書館，一般情況下，他走 3 公里每小時；但今天他趕時間，要早點到圖書館，所以加快速度，達成 4.5 公里每小時。假設從家裡出發到圖書館的距離是 2.1 公里。如果他以前需要 45 分鐘就能到達，那麼他改進之後會多久到達？  （請注意：題目以小數計算，例如 4.5 公里每小時）,"好的，讓我們來逐步解答這個題目。

**題目分析：**
王明的家距離圖書館是 2.1 公里，以以前的速度他需要 45 分鐘到達。現在他加快速度，達到 4.5 公里每小時，我們需要計算他現在需要多少時間才能到達圖書館。

**步驟一：先計算出他現在的速度。**
王明現在的速度為 4.5 公里每小時。

**步驟二：由速度和距離計算所需時間。**
我們可以使用公式：時間 = 距離 ÷ 速度。

在這裡，距離是 2.1 公里，速度是 4.5 公里每小時。

**步驟三：代入數值計算時間。**
\[
時間 = \frac{距離}{速度} = \frac{2.1 \text{ 公里}}{4.5 \text{ 公里/小時}}
\]

**步驟四：計算分數。**
我們可以先進行簡化：
\[
\frac{2.1}{4.5} = \frac{21}{45}
\]

接下來，進行分數的簡化。21 和 45 的最大公因數是 3，所以：
\[
\frac{21 \div 3}{45 \div 3} = \frac{7}{15}
\]

下一步，我們把這個時間轉換成小時：
\[
\frac{7}{15} \text{ 小時}
\]

**步驟五：轉換成分鐘。**
因為 1 小時等於 60 分鐘，所以我們需要將 \(\frac{7}{15}\) 小時轉換為分鐘：
\[
\frac{7}{15} \text{ 小時} \times 60 \text{ 分鐘/小時} = \frac{7 \times 60}{15} = \frac{420}{15} = 28 \text{ 分鐘}
\]

**結論：**
王明現在以 4.5 公里每小時的速度走路，從家裡到圖書館的時間是 **28 分鐘**。",,SK_RATE,Rate/Speed,4,draft,answers.db,1,1,json_answer
auto_5_13,王明走路去圖書館，一般情況下，他走 3 公里每小時；但今天他趕時間，要早點到圖書館，所以加快速度，達成 4.5 公里每小時。假設從家裡出發到圖書館的距離是 2.1 公里。如果他以前需要 45 分鐘就能到達，那麼他改進之後會多久到達？  （請注意：題目以小數計算，例如 4.5 公里每小時）,"好的，讓我們來逐步解答這個題目。

**題目分析：**
王明的家距離圖書館是 2.1 公里，以以前的速度他需要 45 分鐘到達。現在他加快速度，達到 4.5 公里每小時，我們需要計算他現在需要多少時間才能到達圖書館。

**步驟一：先計算出他現在的速度。**
王明現在的速度為 4.5 公里每小時。

**步驟二：由速度和距離計算所需時間。**
我們可以使用公式：時間 = 距離 ÷ 速度。

在這裡，距離是 2.1 公里，速度是 4.5 公里每小時。

**步驟三：代入數值計算時間。**
\[
時間 = \frac{距離}{速度} = \frac{2.1 \text{ 公里}}{4.5 \text{ 公里/小時}}
\]

**步驟四：計算分數。**
我們可以先進行簡化：
\[
\frac{2.1}{4.5} = \frac{21}{45}
\]

接下來，進行分數的簡化。21 和 45 的最大公因數是 3，所以：
\[
\frac{21 \div 3}{45 \div 3} = \frac{7}{15}
\]

下一步，我們把這個時間轉換成小時：
\[
\frac{7}{15} \text{ 小時}
\]

**步驟五：轉換成分鐘。**
因為 1 小時等於 60 分鐘，所以我們需要將 \(\frac{7}{15}\) 小時轉換為分鐘：
\[
\frac{7}{15} \text{ 小時} \times 60 \text{ 分鐘/小時} = \frac{7 \times 60}{15} = \frac{420}{15} = 28 \text{ 分鐘}
\]

**結論：**
王明現在以 4.5 公里每小時的速度走路，從家裡到圖書館的時間是 **28 分鐘**。",,SK_RATE,Rate/Speed,4,draft,answers.db,1,1,text
b810391fb93728d22dbfc0cfb1655535,三個月有二十八天，如果每天下午四點的時候開始放學，那就剩下多少時間可以玩耍呢？,"### 題目分析

題目是關於放學後的玩耍時間。我們知道三個月有28天，每天下午四點放學。現在我們需要計算放學後剩餘的時間可以用來玩耍。

### 解題步驟

1. **計算三個月的總天數**：
   - 三個月 = 28天

2. **計算每天的時間**：
   - 每天從放學到天黑這段時間取決於天黑的時間，但通常我們假設有足夠的時間可以玩耍到晚上 10 點。

3. **計算從放學到晚上10點的時間**：
   - 放學時間：下午4點
   - 玩耍到晚上10點的時間 = 10點 - 4點 = 6小時

4. **計算總玩耍時間**：
   - 每天可以玩耍6小時，三個月有28天，因此總玩耍時間：
   \[
   6 \text{ 小時} \times 28 \text{ 天} = 168 \text{ 小時}
   \]

### 最終解答

在三個月內，如果每天下午四點放學，那麼可以玩耍 **168 小時**。

---

### 應用題解答示範

以下是根據考試卷的應用題示範解答：

1. **題目**：玫瑰花有五十幾朵，每6朵綁成1束剛好分完，玫瑰花可能有幾朵？
   - **解答**：50到59之間的數字中可以被6整除的數字是：
     - 54（6×9=54）是符合條件的，因此玫瑰花可能有54朵。

2. **題目**：把56枝鉛筆分成每盒一樣多，全部分完，一盒可能有幾枝？
   - **解答**：56的因數有1, 2, 4, 7, 8, 14, 28, 56。
     - 所以可能的答案是 1枝、2枝、4枝、7枝、8枝、14枝、28枝、56枝。

3. **題目**：男生36人和女生42人混合分組玩遊戲，每組的男生一樣多，每組的女生也一樣多，最多可以分成幾組？
   - **解答**：36和42的最大公因數是6。最多可以分成6組。

4. **題目**：用約分的方法找找看，和1830一樣大的分數有那些？
   - **解答**：和1830相同的分數有：
     - 1/1, 3660/2, 5490/3, 9150/5等等，依此類推，任何與1830相同的倍數皆可列出。

5. **題目**：有一些巧克力，無論是每 9 個裝成一盒，或是每6個裝成一盒，都剛好裝完，這些巧克力最少有幾個？
   - **解答**：6和9的最小公倍數是18，所以這些巧克力最少有18個。

希望這樣的解題示範能幫助你理解如何逐步解答數學問題！如果有任何進一步的問題，請隨時詢問！",,SK_MISC,Misc,3,draft,answers.db,1,1,json_answer
auto_5_14,三個月有二十八天，如果每天下午四點的時候開始放學，那就剩下多少時間可以玩耍呢？,"### 題目分析

題目是關於放學後的玩耍時間。我們知道三個月有28天，每天下午四點放學。現在我們需要計算放學後剩餘的時間可以用來玩耍。

### 解題步驟

1. **計算三個月的總天數**：
   - 三個月 = 28天

2. **計算每天的時間**：
   - 每天從放學到天黑這段時間取決於天黑的時間，但通常我們假設有足夠的時間可以玩耍到晚上 10 點。

3. **計算從放學到晚上10點的時間**：
   - 放學時間：下午4點
   - 玩耍到晚上10點的時間 = 10點 - 4點 = 6小時

4. **計算總玩耍時間**：
   - 每天可以玩耍6小時，三個月有28天，因此總玩耍時間：
   \[
   6 \text{ 小時} \times 28 \text{ 天} = 168 \text{ 小時}
   \]

### 最終解答

在三個月內，如果每天下午四點放學，那麼可以玩耍 **168 小時**。

---

### 應用題解答示範

以下是根據考試卷的應用題示範解答：

1. **題目**：玫瑰花有五十幾朵，每6朵綁成1束剛好分完，玫瑰花可能有幾朵？
   - **解答**：50到59之間的數字中可以被6整除的數字是：
     - 54（6×9=54）是符合條件的，因此玫瑰花可能有54朵。

2. **題目**：把56枝鉛筆分成每盒一樣多，全部分完，一盒可能有幾枝？
   - **解答**：56的因數有1, 2, 4, 7, 8, 14, 28, 56。
     - 所以可能的答案是 1枝、2枝、4枝、7枝、8枝、14枝、28枝、56枝。

3. **題目**：男生36人和女生42人混合分組玩遊戲，每組的男生一樣多，每組的女生也一樣多，最多可以分成幾組？
   - **解答**：36和42的最大公因數是6。最多可以分成6組。

4. **題目**：用約分的方法找找看，和1830一樣大的分數有那些？
   - **解答**：和1830相同的分數有：
     - 1/1, 3660/2, 5490/3, 9150/5等等，依此類推，任何與1830相同的倍數皆可列出。

5. **題目**：有一些巧克力，無論是每 9 個裝成一盒，或是每6個裝成一盒，都剛好裝完，這些巧克力最少有幾個？
   - **解答**：6和9的最小公倍數是18，所以這些巧克力最少有18個。

希望這樣的解題示範能幫助你理解如何逐步解答數學問題！如果有任何進一步的問題，請隨時詢問！",,SK_MISC,Misc,3,draft,answers.db,1,1,text
798ed2efd3ac58a68f162cea4078f599,以下是一個5年級的數學題：  有兩個正方形圖形，一個是三邊長為 4 公分的正方形，另一個是五邊長為 x 公分的正方形。如果面積相同，則求出 x 的值。,"首先，我們要解決的題目是：

**題目：有兩個正方形圖形，一個是邊長為 4 公分的正方形，另一個是邊長為 x 公分的正方形。如果面積相同，則求出 x 的值。**

步驟一：找出第一個正方形的面積。

正方形的面積公式是：
\[ \text{面積} = \text{邊長} \times \text{邊長} \]

所以，對於邊長為 4 公分的正方形，我們計算它的面積：
\[
\text{面積} = 4 \times 4 = 16 \text{平方公分}
\]

步驟二：找出第二個正方形的面積公式。

第二個正方形的邊長為 x 公分，因此它的面積為：
\[
\text{面積} = x \times x = x^2 \text{平方公分}
\]

步驟三：設定等式。

根據題意，這兩個正方形的面積相同，所以我們可以設立以下的等式：
\[
16 = x^2
\]

步驟四：解這個等式找出 x 的值。

為了找出 x 的值，我們需要對等式進行開平方的操作：
\[
x^2 = 16
\]
\[
x = \sqrt{16}
\]
\[
x = 4
\]

步驟五：確認答案。

這樣我們得到了 x 的值為 4 公分。因為兩個正方形的邊長均為 4 公分時，它們的面積都是 16 平方公分，符合題目要求。

**結論：x 的值是 4 公分。**",,SK_ALGEBRA,Algebra,4,draft,answers.db,1,1,json_answer
auto_5_15,以下是一個5年級的數學題：  有兩個正方形圖形，一個是三邊長為 4 公分的正方形，另一個是五邊長為 x 公分的正方形。如果面積相同，則求出 x 的值。,"首先，我們要解決的題目是：

**題目：有兩個正方形圖形，一個是邊長為 4 公分的正方形，另一個是邊長為 x 公分的正方形。如果面積相同，則求出 x 的值。**

步驟一：找出第一個正方形的面積。

正方形的面積公式是：
\[ \text{面積} = \text{邊長} \times \text{邊長} \]

所以，對於邊長為 4 公分的正方形，我們計算它的面積：
\[
\text{面積} = 4 \times 4 = 16 \text{平方公分}
\]

步驟二：找出第二個正方形的面積公式。

第二個正方形的邊長為 x 公分，因此它的面積為：
\[
\text{面積} = x \times x = x^2 \text{平方公分}
\]

步驟三：設定等式。

根據題意，這兩個正方形的面積相同，所以我們可以設立以下的等式：
\[
16 = x^2
\]

步驟四：解這個等式找出 x 的值。

為了找出 x 的值，我們需要對等式進行開平方的操作：
\[
x^2 = 16
\]
\[
x = \sqrt{16}
\]
\[
x = 4
\]

步驟五：確認答案。

這樣我們得到了 x 的值為 4 公分。因為兩個正方形的邊長均為 4 公分時，它們的面積都是 16 平方公分，符合題目要求。

**結論：x 的值是 4 公分。**",,SK_ALGEBRA,Algebra,4,draft,answers.db,1,1,text
ca47f4ce69c3174b5e1b5b23432f8a16,問題：有一瓶水，只剩 0.45 公升了，假設每人喝 0.15 公升，如果有 3 個朋友一起喝水，那麼還剩幾公升？,"好的，讓我們來一步一步解決這個問題。

### 問題：
有一瓶水，只剩 0.45 公升了，假設每人喝 0.15 公升，如果有 3 個朋友一起喝水，那麼還剩幾公升？

### 步驟解答：

1. **計算總共喝了多少水**：
   每個朋友喝 0.15 公升，3 個朋友一起喝的水量為：
   \[
   0.15 \, \text{公升} \times 3 = 0.45 \, \text{公升}
   \]

2. **計算喝水後剩下的水量**：
   現在，瓶子裡本來還剩 0.45 公升水，喝了 0.45 公升後，剩下的水量為：
   \[
   0.45 \, \text{公升} - 0.45 \, \text{公升} = 0 \, \text{公升}
   \]

### 結論：
現在已經沒有水了，剩下的水量是 0 公升。

這道題的解法是通過先計算總共喝了多少水然後再從剩餘的水量中減去這個喝掉的水量。這樣我們就能夠得出剩下的水量。希望這能幫助你理解這個問題！",,SK_MISC,Misc,3,draft,answers.db,1,1,json_answer
auto_5_16,問題：有一瓶水，只剩 0.45 公升了，假設每人喝 0.15 公升，如果有 3 個朋友一起喝水，那麼還剩幾公升？,"好的，讓我們來一步一步解決這個問題。

### 問題：
有一瓶水，只剩 0.45 公升了，假設每人喝 0.15 公升，如果有 3 個朋友一起喝水，那麼還剩幾公升？

### 步驟解答：

1. **計算總共喝了多少水**：
   每個朋友喝 0.15 公升，3 個朋友一起喝的水量為：
   \[
   0.15 \, \text{公升} \times 3 = 0.45 \, \text{公升}
   \]

2. **計算喝水後剩下的水量**：
   現在，瓶子裡本來還剩 0.45 公升水，喝了 0.45 公升後，剩下的水量為：
   \[
   0.45 \, \text{公升} - 0.45 \, \text{公升} = 0 \, \text{公升}
   \]

### 結論：
現在已經沒有水了，剩下的水量是 0 公升。

這道題的解法是通過先計算總共喝了多少水然後再從剩餘的水量中減去這個喝掉的水量。這樣我們就能夠得出剩下的水量。希望這能幫助你理解這個問題！",,SK_MISC,Misc,3,draft,answers.db,1,1,text
3c0ae5faf8b612919c056562123d0c16,**國小五年級 數學題**  **幾何判斷**  以下圖形中哪一個是正方形？  ``` • 圖片或描述：一個長度為 4 公分、4 公分的四邊形 • 圖片或描述：一個長度為 3 公分、5 公分的直角三角形 • 圖片或描述：一個長度為 6 公分、6 公分的正方形 ```  請選擇正確答案。,"根據題目說明，我們需要從給定的三個圖形中判斷哪一個是正方形。正方形的特徵包括四條邊長相等且四個角都是直角。現在我們來逐步分析每個圖形：

1. **第一個圖形：長度為 4 公分、4 公分的四邊形**
   - 邊長：4 cm, 4 cm
   - 因此，這個四邊形的兩條邊相等，但我們不知道另外兩條邊的長度。
   - 需要進一步確認另一對邊的長度是否也相等。
   - 如果假設這個四邊形是正方形，那麼它的其他兩條邊也必須是 4 cm。
   - 但我們無法確定，所以不能確定這是正方形。

2. **第二個圖形：長度為 3 公分、5 公分的直角三角形**
   - 這是一個直角三角形，與正方形的特性完全不同。
   - 直角三角形不是四邊形，因此不可能是正方形。

3. **第三個圖形：長度為 6 公分、6 公分的正方形**
   - 標明為正方形，且所有邊長都是 6 cm。
   - 因為邊長相等且四個角都是直角，所以這是正方形。

經過上述分析，我們可以得出結論：

**答案：第三個圖形是正方形。**",,SK_GEOM,Geometry,3,draft,answers.db,1,1,json_answer
auto_5_17,**國小五年級 數學題**  **幾何判斷**  以下圖形中哪一個是正方形？  ``` • 圖片或描述：一個長度為 4 公分、4 公分的四邊形 • 圖片或描述：一個長度為 3 公分、5 公分的直角三角形 • 圖片或描述：一個長度為 6 公分、6 公分的正方形 ```  請選擇正確答案。,"根據題目說明，我們需要從給定的三個圖形中判斷哪一個是正方形。正方形的特徵包括四條邊長相等且四個角都是直角。現在我們來逐步分析每個圖形：

1. **第一個圖形：長度為 4 公分、4 公分的四邊形**
   - 邊長：4 cm, 4 cm
   - 因此，這個四邊形的兩條邊相等，但我們不知道另外兩條邊的長度。
   - 需要進一步確認另一對邊的長度是否也相等。
   - 如果假設這個四邊形是正方形，那麼它的其他兩條邊也必須是 4 cm。
   - 但我們無法確定，所以不能確定這是正方形。

2. **第二個圖形：長度為 3 公分、5 公分的直角三角形**
   - 這是一個直角三角形，與正方形的特性完全不同。
   - 直角三角形不是四邊形，因此不可能是正方形。

3. **第三個圖形：長度為 6 公分、6 公分的正方形**
   - 標明為正方形，且所有邊長都是 6 cm。
   - 因為邊長相等且四個角都是直角，所以這是正方形。

經過上述分析，我們可以得出結論：

**答案：第三個圖形是正方形。**",,SK_GEOM,Geometry,3,draft,answers.db,1,1,text
4eeea0796038e985a9302ffd67b2ed06,有一個長方形園池，長 10 公尺、寬 6 公尺。假設每公尺的圍牆造價新台幣一千元，這次你需要畫哪長什麼樣子的圍牆?,"好的，現在我將根據題目和例題，逐步解答這個長方形圓池的問題。

**題目：**有一個長方形園池，長 10 公尺、寬 6 公尺。假設每公尺的圍牆造價新台幣一千元，這次你需要畫哪長什麼樣子的圍牆？

**解答步驟：**

1. **計算周長：**
   首先，我們需要計算這個長方形的周長。周長的公式是：
   \[
   \text{周長} = 2 \times (\text{長} + \text{寬})
   \]
   在這個例子中，長是 10 公尺，寬是 6 公尺。因此，我們可以代入數值：
   \[
   \text{周長} = 2 \times (10 + 6) = 2 \times 16 = 32 \text{ 公尺}
   \]

2. **計算圍牆的總造價：**
   接下來，我們需要計算每公尺的圍牆造價為 1000 元，因此總造價可以用周長乘以每公尺的造價來計算：
   \[
   \text{總造價} = \text{周長} \times \text{每公尺造價} = 32 \text{ 公尺} \times 1000 \text{ 元/公尺} = 32000 \text{ 元}
   \]

3. **總結：**
   所以，這個長方形圓池需要建造的圍牆長度為 32 公尺，總造價為新台幣 32000 元。

以上就是完整的逐步解答，希望這對學生有所幫助！如果還有其他問題或需要進一步的解釋，請隨時告訴我。",,SK_GEOM,Geometry,3,draft,answers.db,1,1,json_answer
auto_5_18,有一個長方形園池，長 10 公尺、寬 6 公尺。假設每公尺的圍牆造價新台幣一千元，這次你需要畫哪長什麼樣子的圍牆?,"好的，現在我將根據題目和例題，逐步解答這個長方形圓池的問題。

**題目：**有一個長方形園池，長 10 公尺、寬 6 公尺。假設每公尺的圍牆造價新台幣一千元，這次你需要畫哪長什麼樣子的圍牆？

**解答步驟：**

1. **計算周長：**
   首先，我們需要計算這個長方形的周長。周長的公式是：
   \[
   \text{周長} = 2 \times (\text{長} + \text{寬})
   \]
   在這個例子中，長是 10 公尺，寬是 6 公尺。因此，我們可以代入數值：
   \[
   \text{周長} = 2 \times (10 + 6) = 2 \times 16 = 32 \text{ 公尺}
   \]

2. **計算圍牆的總造價：**
   接下來，我們需要計算每公尺的圍牆造價為 1000 元，因此總造價可以用周長乘以每公尺的造價來計算：
   \[
   \text{總造價} = \text{周長} \times \text{每公尺造價} = 32 \text{ 公尺} \times 1000 \text{ 元/公尺} = 32000 \text{ 元}
   \]

3. **總結：**
   所以，這個長方形圓池需要建造的圍牆長度為 32 公尺，總造價為新台幣 32000 元。

以上就是完整的逐步解答，希望這對學生有所幫助！如果還有其他問題或需要進一步的解釋，請隨時告訴我。",,SK_GEOM,Geometry,3,draft,answers.db,1,1,text
732ef865d436cfb3b2ab70bffb27afa6,小明有 30 個玩具，爸爸贈送了一半給他，那麼小明現在有多少個玩具？,"我們來解答題目：小明有30個玩具，爸爸贈送了一半給他，那麼小明現在有多少個玩具？

### 解答步驟：

**步驟一：找出爸爸贈送的玩具數量**

爸爸贈送的是小明原本玩具數量的一半。小明原本有30個玩具：

\[
\text{贈送的玩具數量} = \frac{30}{2} = 15 \text{個}
\]

**步驟二：計算小明現在的玩具數量**

要找出小明現在的玩具總數，我們需要把贈送的玩具數量加回到小明原本的玩具數量上：

\[
\text{小明現在的總玩具數量} = \text{原本的玩具數量} + \text{贈送的玩具數量} = 30 + 15
\]

計算這部分：

\[
30 + 15 = 45
\]

### 最終答案：
小明現在有 **45個玩具**。

---

如果有其他問題或相關題目需要解答，隨時可以告訴我！",,SK_MISC,Misc,3,draft,answers.db,1,1,json_answer
auto_5_19,小明有 30 個玩具，爸爸贈送了一半給他，那麼小明現在有多少個玩具？,"我們來解答題目：小明有30個玩具，爸爸贈送了一半給他，那麼小明現在有多少個玩具？

### 解答步驟：

**步驟一：找出爸爸贈送的玩具數量**

爸爸贈送的是小明原本玩具數量的一半。小明原本有30個玩具：

\[
\text{贈送的玩具數量} = \frac{30}{2} = 15 \text{個}
\]

**步驟二：計算小明現在的玩具數量**

要找出小明現在的玩具總數，我們需要把贈送的玩具數量加回到小明原本的玩具數量上：

\[
\text{小明現在的總玩具數量} = \text{原本的玩具數量} + \text{贈送的玩具數量} = 30 + 15
\]

計算這部分：

\[
30 + 15 = 45
\]

### 最終答案：
小明現在有 **45個玩具**。

---

如果有其他問題或相關題目需要解答，隨時可以告訴我！",,SK_MISC,Misc,3,draft,answers.db,1,1,text
cd796fc535a12fbc229732df50567e22,桃太郎家的圍牆是一個正方形，其邊長為8公尺。現在，要畫一個正方形的牌樓在圍牆上，它的長和寬各比圍牆的一半大，求這塊牌樓的面積。,"好的，讓我們一起逐步解答這個問題。

### 題目重述：
桃太郎家的圍牆是一個正方形，邊長為8公尺。我們要在圍牆上畫一個正方形的牌樓，這個牌樓的長和寬各比圍牆的一半大。我們需要求出這塊牌樓的面積。

### 步驟1：計算圍牆的一半
- 圍牆的邊長：8 公尺
- 圍牆的一半 = 8 公尺 ÷ 2 = 4 公尺

### 步驟2：計算牌樓的邊長
- 牌樓的邊長 = 圍牆的一半 + 其他的增加量（假設為0，若無其他額外數據，則邊長即為圍牆的一半）
- 牌樓的邊長 = 4 公尺 + 4 公尺 = 8 公尺

### 步驟3：計算牌樓的面積
正方形的面積公式為：
\[
\text{面積} = \text{邊長} \times \text{邊長}
\]
- 牌樓的面積 = 8 公尺 × 8 公尺 = 64 平方公尺

### 答案
因此，這塊牌樓的面積為 **64 平方公尺**。

這就是逐步解答的過程！如果還有其他的問題，歡迎隨時問我！",,SK_AREA,Area,3,draft,answers.db,1,1,json_answer
auto_5_20,桃太郎家的圍牆是一個正方形，其邊長為8公尺。現在，要畫一個正方形的牌樓在圍牆上，它的長和寬各比圍牆的一半大，求這塊牌樓的面積。,"好的，讓我們一起逐步解答這個問題。

### 題目重述：
桃太郎家的圍牆是一個正方形，邊長為8公尺。我們要在圍牆上畫一個正方形的牌樓，這個牌樓的長和寬各比圍牆的一半大。我們需要求出這塊牌樓的面積。

### 步驟1：計算圍牆的一半
- 圍牆的邊長：8 公尺
- 圍牆的一半 = 8 公尺 ÷ 2 = 4 公尺

### 步驟2：計算牌樓的邊長
- 牌樓的邊長 = 圍牆的一半 + 其他的增加量（假設為0，若無其他額外數據，則邊長即為圍牆的一半）
- 牌樓的邊長 = 4 公尺 + 4 公尺 = 8 公尺

### 步驟3：計算牌樓的面積
正方形的面積公式為：
\[
\text{面積} = \text{邊長} \times \text{邊長}
\]
- 牌樓的面積 = 8 公尺 × 8 公尺 = 64 平方公尺

### 答案
因此，這塊牌樓的面積為 **64 平方公尺**。

這就是逐步解答的過程！如果還有其他的問題，歡迎隨時問我！",,SK_AREA,Area,3,draft,answers.db,1,1,text
3188de2bedfec23ae15dc9bc85ce1326,"有一個長方形園池，長 10 公尺、寬 6 公尺。假設每公尺的圍牆造價新台幣一千元，這次你需要畫哪長什麼樣子的圍牆?
",[GENERATION_ERROR] model 'deepseek-math:7b' not found,,SK_GEOM,Geometry,3,draft,answers.db,1,0,json_error
9f71f7b40fe88f30ec9cfc4862a290c1,"題目：桃太郎家的圍牆是一個正方形，其邊長為8公尺。現在，要畫一個正方形的牌樓在圍牆上，它的長和寬各比圍牆的一半大，求這塊牌樓的面積。
",[GENERATION_ERROR] model 'deepseek-math:7b' not found,,SK_AREA,Area,3,draft,answers.db,1,0,json_error
9d6e0211ecab07349dbb032f71d7a3f9,"桃太郎家的圍牆是一個正方形，其邊長為8公尺。現在，要畫一個正方形的牌樓在圍牆上，它的長和寬各比圍牆的一半大，求這塊牌樓的面積。
",[GENERATION_ERROR] model 'deepseek-math:7b' not found,,SK_AREA,Area,3,draft,answers.db,1,0,json_error
